ma_sp,ten,hang,pham_vi_min,pham_vi_max,gia,gia_goc,do_on_db,cspf,sao,inverter,lam_lanh_nhanh,loai_may
MAU-001,Alpha 715,Alpha,0.0,15.0,12610000,12610000,43,6.86,5.0,1,0,Máy lạnh 1 chiều (chỉ làm lạnh)
MAU-002,Delta 700,Delta,0.0,15.0,9380000,9380000,40,4.43,3.0,0,1,Máy lạnh 1 chiều (chỉ làm lạnh)
MAU-003,Alpha 801,Alpha,0.0,15.0,5890000,5890000,42,5.35,4.0,1,1,Máy lạnh 1 chiều (chỉ làm lạnh)
MAU-004,Cosmo 863,Cosmo,0.0,15.0,7010000,7010000,41,6.79,5.0,1,0,Máy lạnh 1 chiều (chỉ làm lạnh)
MAU-005,Alpha 760,Alpha,0.0,15.0,5720000,5720000,25,4.86,4.0,1,0,Máy lạnh 1 chiều (chỉ làm lạnh)
MAU-006,Epsil 699,Epsil,0.0,15.0,11780000,11780000,24,5.38,4.0,1,0,Máy lạnh 1 chiều (chỉ làm lạnh)
MAU-007,Alpha 637,Alpha,0.0,15.0,11420000,11420000,32,6.63,5.0,1,1,Máy lạnh 1 chiều (chỉ làm lạnh)
MAU-008,Delta 884,Delta,0.0,15.0,12860000,12860000,,6.42,5.0,1,1,Máy lạnh 1 chiều (chỉ làm lạnh)
MAU-009,Alpha 245,Alpha,0.0,15.0,9190000,9190000,32,4.35,3.0,0,1,Máy lạnh 1 chiều (chỉ làm lạnh)
MAU-010,Bravo 658,Bravo,0.0,15.0,5980000,5980000,39,4.28,3.0,0,1,Máy lạnh 1 chiều (chỉ làm lạnh)
MAU-011,Delta 511,Delta,0.0,15.0,7460000,7460000,33,5.51,5.0,1,1,Máy lạnh 1 chiều (chỉ làm lạnh)
MAU-012,Cosmo 601,Cosmo,0.0,15.0,4240000,5070000,41,4.74,4.0,0,1,Máy lạnh 1 chiều (chỉ làm lạnh)
MAU-013,Bravo 671,Bravo,0.0,15.0,8880000,8880000,41,6.48,5.0,1,0,Máy lạnh 1 chiều (chỉ làm lạnh)
MAU-014,Alpha 903,Alpha,0.0,15.0,7530000,7530000,39,3.36,3.0,0,0,Máy lạnh 1 chiều (chỉ làm lạnh)
MAU-015,Cosmo 165,Cosmo,0.0,15.0,12720000,12720000,33,6.53,5.0,1,0,Máy lạnh 1 chiều (chỉ làm lạnh)
MAU-016,Delta 194,Delta,0.0,15.0,6560000,6560000,44,4.44,3.0,1,1,Máy lạnh 1 chiều (chỉ làm lạnh)
MAU-017,Epsil 145,Epsil,0.0,15.0,11690000,11690000,25,4.6,4.0,1,0,Máy lạnh 1 chiều (chỉ làm lạnh)
MAU-018,Cosmo 981,Cosmo,0.0,15.0,9170000,10080000,40,,5.0,1,1,Máy lạnh 1 chiều (chỉ làm lạnh)
MAU-019,Bravo 527,Bravo,0.0,15.0,7660000,8780000,29,6.08,5.0,1,0,Máy lạnh 1 chiều (chỉ làm lạnh)
MAU-020,Bravo 301,Bravo,0.0,15.0,11040000,12320000,34,4.49,3.0,0,1,Máy lạnh 1 chiều (chỉ làm lạnh)
MAU-021,Alpha 126,Alpha,0.0,15.0,5590000,5590000,44,5.94,5.0,1,1,Máy lạnh 1 chiều (chỉ làm lạnh)
MAU-022,Delta 924,Delta,0.0,15.0,6940000,7430000,36,,5.0,1,1,Máy lạnh 1 chiều (chỉ làm lạnh)
MAU-023,Epsil 508,Epsil,15.0,20.0,10510000,12050000,24,6.04,5.0,1,1,Máy lạnh 1 chiều (chỉ làm lạnh)
MAU-024,Bravo 293,Bravo,15.0,20.0,13220000,13220000,40,5.36,4.0,1,1,Máy lạnh 1 chiều (chỉ làm lạnh)
MAU-025,Alpha 264,Alpha,15.0,20.0,13060000,13060000,45,5.55,5.0,1,0,Máy lạnh 1 chiều (chỉ làm lạnh)
MAU-026,Bravo 452,Bravo,15.0,20.0,11970000,11970000,29,4.24,3.0,1,1,Máy lạnh 1 chiều (chỉ làm lạnh)
MAU-027,Delta 593,Delta,15.0,20.0,15690000,15690000,30,5.4,4.0,1,1,Máy lạnh 1 chiều (chỉ làm lạnh)
MAU-028,Epsil 195,Epsil,15.0,20.0,15870000,15870000,28,,3.0,0,0,Máy lạnh 1 chiều (chỉ làm lạnh)
MAU-029,Cosmo 460,Cosmo,15.0,20.0,15720000,15720000,45,6.01,5.0,1,0,Máy lạnh 1 chiều (chỉ làm lạnh)
MAU-030,Cosmo 669,Cosmo,15.0,20.0,13510000,13510000,39,4.33,3.0,1,0,Máy lạnh 1 chiều (chỉ làm lạnh)
MAU-031,Bravo 198,Bravo,15.0,20.0,13410000,13410000,41,4.4,3.0,1,0,Máy lạnh 1 chiều (chỉ làm lạnh)
MAU-032,Bravo 208,Bravo,15.0,20.0,8130000,8130000,38,6.41,5.0,1,0,Máy lạnh 1 chiều (chỉ làm lạnh)
MAU-033,Cosmo 114,Cosmo,15.0,20.0,8170000,8170000,28,4.48,3.0,1,1,Máy lạnh 1 chiều (chỉ làm lạnh)
MAU-034,Cosmo 690,Cosmo,15.0,20.0,7250000,7660000,38,4.37,3.0,1,0,Máy lạnh 1 chiều (chỉ làm lạnh)
MAU-035,Cosmo 513,Cosmo,15.0,20.0,12290000,12290000,23,6.14,5.0,1,1,Máy lạnh 1 chiều (chỉ làm lạnh)
MAU-036,Bravo 613,Bravo,15.0,20.0,11970000,11970000,31,4.36,3.0,1,0,Máy lạnh 1 chiều (chỉ làm lạnh)
MAU-037,Cosmo 124,Cosmo,15.0,20.0,17440000,17440000,32,6.21,5.0,1,1,Máy lạnh 1 chiều (chỉ làm lạnh)
MAU-038,Cosmo 426,Cosmo,15.0,20.0,17560000,17560000,40,4.37,3.0,1,0,Máy lạnh 1 chiều (chỉ làm lạnh)
MAU-039,Alpha 733,Alpha,15.0,20.0,11100000,11100000,25,6.17,5.0,1,1,Máy lạnh 1 chiều (chỉ làm lạnh)
MAU-040,Alpha 692,Alpha,15.0,20.0,11220000,11220000,23,5.97,5.0,1,1,Máy lạnh 1 chiều (chỉ làm lạnh)
MAU-041,Delta 655,Delta,20.0,30.0,15830000,15830000,25,4.66,4.0,1,1,Máy lạnh 1 chiều (chỉ làm lạnh)
MAU-042,Epsil 590,Epsil,20.0,30.0,17080000,18350000,29,4.07,3.0,1,1,Máy lạnh 1 chiều (chỉ làm lạnh)
MAU-043,Cosmo 943,Cosmo,20.0,30.0,20410000,22030000,43,4.11,3.0,1,0,Máy lạnh 1 chiều (chỉ làm lạnh)
MAU-044,Cosmo 742,Cosmo,20.0,30.0,20330000,20330000,42,4.17,3.0,1,0,Máy lạnh 1 chiều (chỉ làm lạnh)
MAU-045,Delta 992,Delta,20.0,30.0,15550000,15550000,40,4.45,3.0,1,1,Máy lạnh 1 chiều (chỉ làm lạnh)
MAU-046,Cosmo 467,Cosmo,20.0,30.0,15720000,15720000,27,3.75,3.0,0,1,Máy lạnh 1 chiều (chỉ làm lạnh)
MAU-047,Delta 743,Delta,20.0,30.0,19590000,19590000,27,5.74,5.0,1,1,Máy lạnh 1 chiều (chỉ làm lạnh)
MAU-048,Delta 914,Delta,20.0,30.0,27210000,27210000,39,4.54,3.0,0,1,Máy lạnh 1 chiều (chỉ làm lạnh)
MAU-049,Bravo 118,Bravo,20.0,30.0,17960000,17960000,40,4.41,3.0,1,0,Máy lạnh 1 chiều (chỉ làm lạnh)
MAU-050,Epsil 931,Epsil,20.0,30.0,12710000,12710000,45,5.62,5.0,1,0,Máy lạnh 1 chiều (chỉ làm lạnh)
MAU-051,Bravo 855,Bravo,20.0,30.0,12300000,13680000,29,4.08,3.0,0,0,Máy lạnh 1 chiều (chỉ làm lạnh)
MAU-052,Bravo 293,Bravo,20.0,30.0,16690000,16690000,45,5.07,4.0,1,0,Máy lạnh 1 chiều (chỉ làm lạnh)
MAU-053,Alpha 895,Alpha,30.0,40.0,32960000,32960000,41,3.77,3.0,0,0,Máy lạnh 1 chiều (chỉ làm lạnh)
MAU-054,Epsil 627,Epsil,30.0,40.0,26680000,30320000,43,,3.0,1,0,Máy lạnh 1 chiều (chỉ làm lạnh)
MAU-055,Alpha 208,Alpha,30.0,40.0,18740000,21270000,28,4.16,3.0,0,0,Máy lạnh 1 chiều (chỉ làm lạnh)
MAU-056,Delta 585,Delta,30.0,40.0,33650000,36740000,25,4.9,4.0,1,0,Máy lạnh 1 chiều (chỉ làm lạnh)
MAU-057,Alpha 453,Alpha,30.0,40.0,24940000,24940000,44,6.45,5.0,1,1,Máy lạnh 1 chiều (chỉ làm lạnh)
MAU-058,Alpha 675,Alpha,40.0,60.0,46080000,53340000,32,3.47,3.0,0,1,Máy lạnh 1 chiều (chỉ làm lạnh)
MAU-059,Delta 456,Delta,40.0,60.0,35300000,35300000,39,4.66,4.0,1,0,Máy lạnh 1 chiều (chỉ làm lạnh)
MAU-060,Cosmo 772,Cosmo,40.0,60.0,54100000,54100000,40,4.46,3.0,1,0,Máy lạnh 1 chiều (chỉ làm lạnh)
